{"tablename":{"value":"_dates","name":"tableName"},"tableprefix":{"value":"","name":"tablePrefix"},"modelclass":{"value":"Dates","name":"modelClass"},"ns":{"value":"app\\modules\\crud\\models","name":"ns"},"baseclass":{"value":"yii\\db\\ActiveRecord","name":"baseClass"},"db":{"value":"db","name":"db"},"generaterelations":{"value":"all","name":"generateRelations"},"generatelabelsfromcomments":{"value":false,"name":"generateLabelsFromComments"},"generatehintsfromcomments":{"value":true,"name":"generateHintsFromComments"},"generatemodelclass":{"value":false,"name":"generateModelClass"},"generatequery":{"value":true,"name":"generateQuery"},"queryns":{"value":"app\\models\\query","name":"queryNs"},"queryclass":{"value":"","name":"queryClass"},"querybaseclass":{"value":"yii\\db\\ActiveQuery","name":"queryBaseClass"},"enablei18n":{"value":true,"name":"enableI18N"},"singularentities":{"value":true,"name":"singularEntities"},"messagecategory":{"value":"app","name":"messageCategory"},"usetranslatablebehavior":{"value":true,"name":"useTranslatableBehavior"},"languagetablename":{"value":"{{table}}_lang","name":"languageTableName"},"languagecodecolumn":{"value":"language","name":"languageCodeColumn"},"useblameablebehavior":{"value":true,"name":"useBlameableBehavior"},"createdbycolumn":{"value":"created_by","name":"createdByColumn"},"updatedbycolumn":{"value":"updated_by","name":"updatedByColumn"},"usetimestampbehavior":{"value":true,"name":"useTimestampBehavior"},"createdatcolumn":{"value":"created_at","name":"createdAtColumn"},"updatedatcolumn":{"value":"updated_at","name":"updatedAtColumn"}}